<?xml version="1.0" encoding="utf-8"?>
<extension type="plugin" group="system" method="upgrade">
    <name>plg_system_livestatus</name>
    <author>YOOtheme</author>
    <creationDate>January 2024</creationDate>
    <copyright>Copyright (C) 2024 YOOtheme GmbH</copyright>
    <license>MIT License</license>
    <authorEmail>info@yootheme.com</authorEmail>
    <authorUrl>https://yootheme.com</authorUrl>
    <version>1.0.0</version>
    <description>PLG_SYSTEM_LIVESTATUS_XML_DESCRIPTION</description>

    <files>
        <filename plugin="livestatus">livestatus.php</filename>
        <filename>LICENSE</filename>
        <filename>README.md</filename>
        <folder>language</folder>
        <folder>services</folder>
        <folder>src</folder>
    </files>

    <languages folder="language">
        <language tag="en-GB">en-GB/en-GB.plg_system_livestatus.ini</language>
        <language tag="en-GB">en-GB/en-GB.plg_system_livestatus.sys.ini</language>
    </languages>

    <config>
        <fields name="params">
            <fieldset name="basic">
                <field
                    name="cache_time"
                    type="number"
                    default="30"
                    label="PLG_SYSTEM_LIVESTATUS_CACHE_TIME_LABEL"
                    description="PLG_SYSTEM_LIVESTATUS_CACHE_TIME_DESC"
                    min="5"
                    max="3600"
                />
                <field
                    name="rate_limit_window"
                    type="number"
                    default="60"
                    label="PLG_SYSTEM_LIVESTATUS_RATE_WINDOW_LABEL"
                    description="PLG_SYSTEM_LIVESTATUS_RATE_WINDOW_DESC"
                    min="30"
                    max="3600"
                />
                <field
                    name="rate_limit_tiktok"
                    type="number"
                    default="60"
                    label="PLG_SYSTEM_LIVESTATUS_RATE_TIKTOK_LABEL"
                    description="PLG_SYSTEM_LIVESTATUS_RATE_TIKTOK_DESC"
                    min="10"
                    max="100"
                />
                <field
                    name="rate_limit_youtube"
                    type="number"
                    default="60"
                    label="PLG_SYSTEM_LIVESTATUS_RATE_YOUTUBE_LABEL"
                    description="PLG_SYSTEM_LIVESTATUS_RATE_YOUTUBE_DESC"
                    min="10"
                    max="100"
                />
                <field
                    name="rate_limit_twitch"
                    type="number"
                    default="60"
                    label="PLG_SYSTEM_LIVESTATUS_RATE_TWITCH_LABEL"
                    description="PLG_SYSTEM_LIVESTATUS_RATE_TWITCH_DESC"
                    min="10"
                    max="100"
                />
                <field
                    name="rate_limit_facebook"
                    type="number"
                    default="60"
                    label="PLG_SYSTEM_LIVESTATUS_RATE_FACEBOOK_LABEL"
                    description="PLG_SYSTEM_LIVESTATUS_RATE_FACEBOOK_DESC"
                    min="10"
                    max="100"
                />
                <field
                    name="rate_limit_instagram"
                    type="number"
                    default="60"
                    label="PLG_SYSTEM_LIVESTATUS_RATE_INSTAGRAM_LABEL"
                    description="PLG_SYSTEM_LIVESTATUS_RATE_INSTAGRAM_DESC"
                    min="10"
                    max="100"
                />
                <field
                    name="rate_limit_kick"
                    type="number"
                    default="60"
                    label="PLG_SYSTEM_LIVESTATUS_RATE_KICK_LABEL"
                    description="PLG_SYSTEM_LIVESTATUS_RATE_KICK_DESC"
                    min="10"
                    max="100"
                />
            </fieldset>
        </fields>
    </config>

    <scriptfile>script.php</scriptfile>
    <updateservers>
        <server type="extension" priority="1" name="Live Status Plugin Updates">https://yootheme.com/api/update/plg_system_livestatus.xml</server>
    </updateservers>
</extension>
