{
    "@import": "./element.php",
    "name": "livestatus",
    "title": "Live Status",
    "group": "basic",
    "icon": "${url:images/icon.svg}",
    "iconSmall": "${url:images/iconSmall.svg}",
    "element": true,
    "width": 500,
    "defaults": {
        "platform": "tiktok",
        "username": "",
        "show_offline": true,
        "offline_text": "Offline",
        "live_text": "Live"
    },
    "templates": {
        "render": "./templates/template.php"
    },
    "fields": {
        "platform": {
            "type": "select",
            "label": "Platform",
            "description": "Select the streaming platform",
            "default": "tiktok",
            "options": {
                "TikTok": "tiktok",
                "YouTube": "youtube",
                "Twitch": "twitch",
                "Facebook Live": "facebook",
                "Instagram Live": "instagram",
                "Kick": "kick"
            }
        },
        "username": {
            "label": "Username",
            "description": "Enter the channel username"
        },
        "show_offline": {
            "type": "checkbox",
            "text": "Show offline status",
            "default": true
        },
        "offline_text": {
            "label": "Offline Text",
            "description": "Text to show when stream is offline",
            "enable": "show_offline",
            "default": "Offline"
        },
        "live_text": {
            "label": "Live Text",
            "description": "Text to show when stream is live",
            "default": "Live"
        },
        "position": "${builder.position}",
        "position_left": "${builder.position_left}",
        "position_right": "${builder.position_right}",
        "position_top": "${builder.position_top}",
        "position_bottom": "${builder.position_bottom}",
        "position_z_index": "${builder.position_z_index}",
        "margin": "${builder.margin}",
        "margin_remove_top": "${builder.margin_remove_top}",
        "margin_remove_bottom": "${builder.margin_remove_bottom}",
        "maxwidth": "${builder.maxwidth}",
        "maxwidth_breakpoint": "${builder.maxwidth_breakpoint}",
        "block_align": "${builder.block_align}",
        "block_align_breakpoint": "${builder.block_align_breakpoint}",
        "block_align_fallback": "${builder.block_align_fallback}",
        "text_align": "${builder.text_align}",
        "text_align_breakpoint": "${builder.text_align_breakpoint}",
        "text_align_fallback": "${builder.text_align_fallback}",
        "animation": "${builder.animation}",
        "visibility": "${builder.visibility}",
        "name": "${builder.name}",
        "status": "${builder.status}",
        "id": "${builder.id}",
        "class": "${builder.cls}",
        "attributes": "${builder.attrs}",
        "css": {
            "label": "CSS",
            "description": "Enter your own custom CSS. The following selectors will be prefixed automatically for this element: <code>.el-element</code>",
            "type": "editor",
            "editor": "code",
            "mode": "css",
            "attrs": {
                "debounce": 500,
                "hints": [".el-element"]
            }
        }
    },
    "fieldset": {
        "default": {
            "type": "tabs",
            "fields": [
                {
                    "title": "Content",
                    "fields": [
                        "platform",
                        "username",
                        "show_offline",
                        "offline_text",
                        "live_text"
                    ]
                },
                {
                    "title": "Settings",
                    "fields": [
                        {
                            "label": "General",
                            "type": "group",
                            "fields": [
                                "position",
                                "position_left",
                                "position_right",
                                "position_top",
                                "position_bottom",
                                "position_z_index",
                                "margin",
                                "margin_remove_top",
                                "margin_remove_bottom",
                                "maxwidth",
                                "maxwidth_breakpoint",
                                "block_align",
                                "block_align_breakpoint",
                                "block_align_fallback",
                                "text_align",
                                "text_align_breakpoint",
                                "text_align_fallback",
                                "animation",
                                "visibility"
                            ]
                        }
                    ]
                },
                "${builder.advanced}"
            ]
        }
    }
}
